ID,Job,FirstName,LastName,Email,Password
36254871,Student,Max,Mustermann,max@gmail.com,mustermann4578
38547863,Student,Finn,Baumann,finn@gmx.de,bau9854
32156489,Student,Tom,Mueller,tom@yahoo.com,Summer6594
34879520,Student,Sam,Miller,sam@gmail.com,USA2020
35168474,Student,Janis,Meyer,meyer-janis@yahoo.com,pass7854
35872598,Student,Mike,Florick,florick@gmx.org,may2021
39413656,Student,Philip,Bosch,filip@gmx.org,bosh59684
34587126,Student,Julian,Meier,j.meier@gmx.de,time1212
34588126,Student,Alex,Koch,koch.alex@gmx.org,project-4587
34599126,Student,Maximilian,Lange,maxi.lange@yahoo.com,jeep-87-89
35114785,Student,Lukas,Schmidt,luka123@gmail.com,tiger-21-9874
33332222,Teacher,Christian,Frank,frank@gmx.de,123
33331111,Student,Luca,Schmidt,schmidt.luka@gmail.com,123
33331112,Student,Lucia,Jackson,jackson.lucia@gmail.com,123
33659874,Student,Mark,Thompson,thompson.mark@gmail.com,123